study_word,thisN,thisTrialN,thisRepN,slider.response,slider.rt,test_word,Reference,old_new,textbox.text,mouse.x,mouse.y,mouse.leftButton,mouse.midButton,mouse.rightButton,mouse.time,mouse.clicked_name,trials.thisRepN,trials.thisTrialN,trials.thisN,trials.thisIndex,trials_2.thisRepN,trials_2.thisTrialN,trials_2.thisN,trials_2.thisIndex,thisRow.t,notes,trial.started,text.started,slider.started,trial.stopped,trials.slider.response,trials.slider.rt,test.started,text_2.started,textbox.started,text_3.started,mouse.started,test.stopped,trials_2.textbox.text,trials_2.mouse.x,trials_2.mouse.y,trials_2.mouse.leftButton,trials_2.mouse.midButton,trials_2.mouse.rightButton,trials_2.mouse.time,trials_2.mouse.clicked_name,participant,session,date,expName,expVersion,psychopyVersion,frameRate,expStart
store,0,0,0,1,2.6629511,,,,,,,,,,,,0,0,0,5,,,,,0.0229786,,0.0139373,0.0229786,0.0229786,2.6920695,1,2.6629511,,,,,,,,,,,,,,,4,1,2025-10-10_17h21.48.031,word priming exp,,2025.1.1,59.98976574,2025-10-10 17h21.53.265262 +0530
cognitive,1,1,0,1,1.360576,,,,,,,,,,,,0,1,1,7,,,,,2.7075222,,2.7008303,2.7075222,2.7075222,4.0767265,1,1.360576,,,,,,,,,,,,,,,4,1,2025-10-10_17h21.48.031,word priming exp,,2025.1.1,59.98976574,2025-10-10 17h21.53.265262 +0530
cushion,2,2,0,1,0.9600531,,,,,,,,,,,,0,2,2,1,,,,,4.0940802,,4.0846764,4.0940802,4.0940802,5.0600441,1,0.9600531,,,,,,,,,,,,,,,4,1,2025-10-10_17h21.48.031,word priming exp,,2025.1.1,59.98976574,2025-10-10 17h21.53.265262 +0530
Cruise,3,3,0,1,0.8127595,,,,,,,,,,,,0,3,3,11,,,,,5.07526,,5.0645454,5.07526,5.07526,5.8944387,1,0.8127595,,,,,,,,,,,,,,,4,1,2025-10-10_17h21.48.031,word priming exp,,2025.1.1,59.98976574,2025-10-10 17h21.53.265262 +0530
Police,4,4,0,1,0.9936614,,,,,,,,,,,,0,4,4,12,,,,,5.9106128,,5.9011893,5.9106128,5.9106128,6.9100676,1,0.9936614,,,,,,,,,,,,,,,4,1,2025-10-10_17h21.48.031,word priming exp,,2025.1.1,59.98976574,2025-10-10 17h21.53.265262 +0530
garden,5,5,0,1,1.0594674,,,,,,,,,,,,0,5,5,10,,,,,6.9281178,,6.9183559,6.9281178,6.9281178,7.9940876,1,1.0594674,,,,,,,,,,,,,,,4,1,2025-10-10_17h21.48.031,word priming exp,,2025.1.1,59.98976574,2025-10-10 17h21.53.265262 +0530
Chart,6,6,0,1,1.2953812,,,,,,,,,,,,0,6,6,6,,,,,8.0087239,,7.9987105,8.0087239,8.0087239,9.3100913,1,1.2953812,,,,,,,,,,,,,,,4,1,2025-10-10_17h21.48.031,word priming exp,,2025.1.1,59.98976574,2025-10-10 17h21.53.265262 +0530
Pastry,7,7,0,1,0.9264348,,,,,,,,,,,,0,7,7,9,,,,,9.3282949,,9.3185384,9.3282949,9.3282949,10.2620996,1,0.9264348,,,,,,,,,,,,,,,4,1,2025-10-10_17h21.48.031,word priming exp,,2025.1.1,59.98976574,2025-10-10 17h21.53.265262 +0530
tomato,8,8,0,1,1.0117584,,,,,,,,,,,,0,8,8,14,,,,,10.2757404,,10.2667488,10.2757404,10.2757404,11.2937984,1,1.0117584,,,,,,,,,,,,,,,4,1,2025-10-10_17h21.48.031,word priming exp,,2025.1.1,59.98976574,2025-10-10 17h21.53.265262 +0530
mouse,9,9,0,1,0.7630333,,,,,,,,,,,,0,9,9,8,,,,,11.308755,,11.2975889,11.308755,11.308755,12.0780724,1,0.7630333,,,,,,,,,,,,,,,4,1,2025-10-10_17h21.48.031,word priming exp,,2025.1.1,59.98976574,2025-10-10 17h21.53.265262 +0530
phone,10,10,0,1,0.7775713,,,,,,,,,,,,0,10,10,2,,,,,12.0956918,,12.0862276,12.0956918,12.0956918,12.8781476,1,0.7775713,,,,,,,,,,,,,,,4,1,2025-10-10_17h21.48.031,word priming exp,,2025.1.1,59.98976574,2025-10-10 17h21.53.265262 +0530
board,11,11,0,1,0.8613293,,,,,,,,,,,,0,11,11,4,,,,,12.8937065,,12.8838135,12.8937065,12.8937065,13.7608115,1,0.8613293,,,,,,,,,,,,,,,4,1,2025-10-10_17h21.48.031,word priming exp,,2025.1.1,59.98976574,2025-10-10 17h21.53.265262 +0530
burger,12,12,0,1,0.7808214,,,,,,,,,,,,0,12,12,13,,,,,13.7763544,,13.7653384,13.7763544,13.7763544,14.5609861,1,0.7808214,,,,,,,,,,,,,,,4,1,2025-10-10_17h21.48.031,word priming exp,,2025.1.1,59.98976574,2025-10-10 17h21.53.265262 +0530
salad,13,13,0,1,0.6788591,,,,,,,,,,,,0,13,13,3,,,,,14.5762447,,14.5658618,14.5762447,14.5762447,15.2622009,1,0.6788591,,,,,,,,,,,,,,,4,1,2025-10-10_17h21.48.031,word priming exp,,2025.1.1,59.98976574,2025-10-10 17h21.53.265262 +0530
book,14,14,0,1,0.6963084,,,,,,,,,,,,0,14,14,0,,,,,15.2763737,,15.2656762,15.2763737,15.2763737,15.9787952,1,0.6963084,,,,,,,,,,,,,,,4,1,2025-10-10_17h21.48.031,word priming exp,,2025.1.1,59.98976574,2025-10-10 17h21.53.265262 +0530
,0,0,0,,,_a_d_n,garden,old,garden,[np.float64(-0.0525)],[np.float64(-0.2966666666666667)],[1],[0],[0],[5.983368400018662],['text_3'],,,,,0,0,0,9,16.0072955,,,,,,,,15.9961352,16.0072955,16.0072955,16.0072955,0.0173238,21.97979,garden,[np.float64(-0.0525)],[np.float64(-0.2966666666666667)],[1],[0],[0],[5.983368400018662],['text_3'],4,1,2025-10-10_17h21.48.031,word priming exp,,2025.1.1,59.98976574,2025-10-10 17h21.53.265262 +0530
,1,1,0,,,_o_rd,board,old,board,[],[],[],[],[],[],[],,,,,0,1,1,10,21.9945603,,,,,,,,21.9839009,21.9945603,21.9945603,21.9945603,0.0039028,31.9802092,board,[],[],[],[],[],[],[],4,1,2025-10-10_17h21.48.031,word priming exp,,2025.1.1,59.98976574,2025-10-10 17h21.53.265262 +0530
,2,2,0,,,s_l_d,salad,old,salad,[np.float64(-0.0525)],[np.float64(-0.2966666666666667)],[1],[0],[0],[3.747560399933718],['text_3'],,,,,0,2,2,3,31.9991349,,,,,,,,31.9845027,31.9991349,31.9991349,31.9991349,0.0045116,35.7323979,salad,[np.float64(-0.0525)],[np.float64(-0.2966666666666667)],[1],[0],[0],[3.747560399933718],['text_3'],4,1,2025-10-10_17h21.48.031,word priming exp,,2025.1.1,59.98976574,2025-10-10 17h21.53.265262 +0530
,3,3,0,,,_ru_s_,cruise,old,cruise,[np.float64(-0.0525)],[np.float64(-0.2966666666666667)],[1],[0],[0],[4.395003300043754],['text_3'],,,,,0,3,3,6,35.747339,,,,,,,,35.7374973,35.747339,35.747339,35.747339,0.0049362,40.1328767,cruise,[np.float64(-0.0525)],[np.float64(-0.2966666666666667)],[1],[0],[0],[4.395003300043754],['text_3'],4,1,2025-10-10_17h21.48.031,word priming exp,,2025.1.1,59.98976574,2025-10-10 17h21.53.265262 +0530
,4,4,0,,,P_s_r_,pastry,old,pastry,[np.float64(-0.0525)],[np.float64(-0.2966666666666667)],[1],[0],[0],[3.228576200082898],['text_3'],,,,,0,4,4,4,40.1493823,,,,,,,,40.1387128,40.1493823,40.1493823,40.1493823,0.0048985,43.3676633,pastry,[np.float64(-0.0525)],[np.float64(-0.2966666666666667)],[1],[0],[0],[3.228576200082898],['text_3'],4,1,2025-10-10_17h21.48.031,word priming exp,,2025.1.1,59.98976574,2025-10-10 17h21.53.265262 +0530
,5,5,0,,,c_g_i_i_e,cognitive,old,cognitive,[np.float64(-0.0525)],[np.float64(-0.2966666666666667)],[1],[0],[0],[8.779228999977931],['text_3'],,,,,0,5,5,12,43.381783,,,,,,,,43.3724539,43.381783,43.381783,43.381783,0.0046065,52.1520836,cognitive,[np.float64(-0.0525)],[np.float64(-0.2966666666666667)],[1],[0],[0],[8.779228999977931],['text_3'],4,1,2025-10-10_17h21.48.031,word priming exp,,2025.1.1,59.98976574,2025-10-10 17h21.53.265262 +0530
,6,6,0,,,c_m_ra,camera,new,camera,[np.float64(-0.0525)],[np.float64(-0.2966666666666667)],[1],[0],[0],[3.078143500024453],['text_3'],,,,,0,6,6,19,52.1666515,,,,,,,,52.1576916,52.1666515,52.1666515,52.1666515,0.005398,55.2362799,camera,[np.float64(-0.0525)],[np.float64(-0.2966666666666667)],[1],[0],[0],[3.078143500024453],['text_3'],4,1,2025-10-10_17h21.48.031,word priming exp,,2025.1.1,59.98976574,2025-10-10 17h21.53.265262 +0530
,7,7,0,,,c_s_i_n,cushion,old,cushion,[np.float64(-0.0525)],[np.float64(-0.2966666666666667)],[1],[0],[0],[4.093550599995069],['text_3'],,,,,0,7,7,1,55.2529281,,,,,,,,55.2422501,55.2529281,55.2529281,55.2529281,0.005757,59.3361805,cushion,[np.float64(-0.0525)],[np.float64(-0.2966666666666667)],[1],[0],[0],[4.093550599995069],['text_3'],4,1,2025-10-10_17h21.48.031,word priming exp,,2025.1.1,59.98976574,2025-10-10 17h21.53.265262 +0530
,8,8,0,,,bo_t_e,bottle,new,bottle,[np.float64(-0.0525)],[np.float64(-0.2966666666666667)],[1],[0],[0],[2.911636900040321],['text_3'],,,,,0,8,8,18,59.3511489,,,,,,,,59.3415903,59.3511489,59.3511489,59.3511489,0.0052826,62.2536073,bottle,[np.float64(-0.0525)],[np.float64(-0.2966666666666667)],[1],[0],[0],[2.911636900040321],['text_3'],4,1,2025-10-10_17h21.48.031,word priming exp,,2025.1.1,59.98976574,2025-10-10 17h21.53.265262 +0530
,9,9,0,,,_ho_e,phone,old,whore,[np.float64(-0.0525)],[np.float64(-0.2966666666666667)],[1],[0],[0],[4.646009599906392],['text_3'],,,,,0,9,9,2,62.2690317,,,,,,,,62.2578322,62.2690317,62.2690317,62.2690317,0.004026,66.9042023,whore,[np.float64(-0.0525)],[np.float64(-0.2966666666666667)],[1],[0],[0],[4.646009599906392],['text_3'],4,1,2025-10-10_17h21.48.031,word priming exp,,2025.1.1,59.98976574,2025-10-10 17h21.53.265262 +0530
,10,10,0,,,_o_s_,mouse,old,lo,[],[],[],[],[],[],[],,,,,0,10,10,14,66.9198622,,,,,,,,66.9081217,66.9198622,66.9198622,66.9198622,0.003752,76.9049305,lo,[],[],[],[],[],[],[],4,1,2025-10-10_17h21.48.031,word priming exp,,2025.1.1,59.98976574,2025-10-10 17h21.53.265262 +0530
,11,11,0,,,_oo_,book,old,boob,[np.float64(-0.0525)],[np.float64(-0.2966666666666667)],[1],[0],[0],[3.227944999933243],['text_3'],,,,,0,11,11,0,76.9211732,,,,,,,,76.9111788,76.9211732,76.9211732,76.9211732,0.0068295,80.1395794,boob,[np.float64(-0.0525)],[np.float64(-0.2966666666666667)],[1],[0],[0],[3.227944999933243],['text_3'],4,1,2025-10-10_17h21.48.031,word priming exp,,2025.1.1,59.98976574,2025-10-10 17h21.53.265262 +0530
,12,12,0,,,p_nc_l,pencil,new,pencil,[np.float64(-0.0525)],[np.float64(-0.2966666666666667)],[1],[0],[0],[3.1461267999839038],['text_3'],,,,,0,12,12,16,80.155065,,,,,,,,80.1449136,80.155065,80.155065,80.155065,0.0051932,83.2915708,pencil,[np.float64(-0.0525)],[np.float64(-0.2966666666666667)],[1],[0],[0],[3.1461267999839038],['text_3'],4,1,2025-10-10_17h21.48.031,word priming exp,,2025.1.1,59.98976574,2025-10-10 17h21.53.265262 +0530
,13,13,0,,,P_li_e,police,old,police,[np.float64(-0.0525)],[np.float64(-0.2966666666666667)],[1],[0],[0],[3.126830800087191],['text_3'],,,,,0,13,13,7,83.3077418,,,,,,,,83.2979936,83.3077418,83.3077418,83.3077418,0.0062325,86.4252761,police,[np.float64(-0.0525)],[np.float64(-0.2966666666666667)],[1],[0],[0],[3.126830800087191],['text_3'],4,1,2025-10-10_17h21.48.031,word priming exp,,2025.1.1,59.98976574,2025-10-10 17h21.53.265262 +0530
,14,14,0,,,t_m_t_,tomato,old,tomato,[np.float64(-0.0525)],[np.float64(-0.2966666666666667)],[1],[0],[0],[2.7268009999534115],['text_3'],,,,,0,14,14,8,86.4418516,,,,,,,,86.4320032,86.4418516,86.4418516,86.4418516,0.0065349,89.1592557,tomato,[np.float64(-0.0525)],[np.float64(-0.2966666666666667)],[1],[0],[0],[2.7268009999534115],['text_3'],4,1,2025-10-10_17h21.48.031,word priming exp,,2025.1.1,59.98976574,2025-10-10 17h21.53.265262 +0530
,15,15,0,,,v_s_,vase,new,vase,[np.float64(-0.0525)],[np.float64(-0.2966666666666667)],[1],[0],[0],[3.5944419000297785],['text_3'],,,,,0,15,15,17,89.174325,,,,,,,,89.163752,89.174325,89.174325,89.174325,0.004323,92.7589876,vase,[np.float64(-0.0525)],[np.float64(-0.2966666666666667)],[1],[0],[0],[3.5944419000297785],['text_3'],4,1,2025-10-10_17h21.48.031,word priming exp,,2025.1.1,59.98976574,2025-10-10 17h21.53.265262 +0530
,16,16,0,,,s_o_e,store,old,s,[],[],[],[],[],[],[],,,,,0,16,16,11,92.7739841,,,,,,,,92.7637437,92.7739841,92.7739841,92.7739841,0.0045637,102.7616304,s,[],[],[],[],[],[],[],4,1,2025-10-10_17h21.48.031,word priming exp,,2025.1.1,59.98976574,2025-10-10 17h21.53.265262 +0530
,17,17,0,,,c_a_t,chart,old,,[],[],[],[],[],[],[],,,,,0,17,17,13,102.7758982,,,,,,,,102.7652539,102.7758982,102.7758982,102.7758982,0.0060753,112.7611133,,[],[],[],[],[],[],[],4,1,2025-10-10_17h21.48.031,word priming exp,,2025.1.1,59.98976574,2025-10-10 17h21.53.265262 +0530
,18,18,0,,,_u_g_r,burger,old,sugar,[np.float64(-0.0525)],[np.float64(-0.2966666666666667)],[1],[0],[0],[2.7808885999256745],['text_3'],,,,,0,18,18,5,112.7772023,,,,,,,,112.7653809,112.7772023,112.7772023,112.7772023,0.0062058,115.5467085,sugar,[np.float64(-0.0525)],[np.float64(-0.2966666666666667)],[1],[0],[0],[2.7808885999256745],['text_3'],4,1,2025-10-10_17h21.48.031,word priming exp,,2025.1.1,59.98976574,2025-10-10 17h21.53.265262 +0530
,19,19,0,,,ta_l_,table,new,tally,[np.float64(-0.0525)],[np.float64(-0.2966666666666667)],[1],[0],[0],[3.095098599907942],['text_3'],,,,,0,19,19,15,115.5614321,,,,,,,,115.5512012,115.5614321,115.5614321,115.5614321,0.0042851,118.6467215,tally,[np.float64(-0.0525)],[np.float64(-0.2966666666666667)],[1],[0],[0],[3.095098599907942],['text_3'],4,1,2025-10-10_17h21.48.031,word priming exp,,2025.1.1,59.98976574,2025-10-10 17h21.53.265262 +0530
,,,,,,,,,,,,,,,,,,,,,,,,,,,,,,,,,,,,,,,,,,,,,,,,,,,,,,
,,,,,,,,prime,0.818181818,,,,,,,,,,,,,,,,,,,,,,,,,,,,,,,,,,,,,,,,,,,,,
,,,,,,,,non-prime,0.8,,,,,,,,,,,,,,,,,,,,,,,,,,,,,,,,,,,,,,,,,,,,,
,,,,,,,,prime score,0.018181818,,,,,,,,,,,,,,,,,,,,,,,,,,,,,,,,,,,,,,,,,,,,,
